title,price
,"28,800"
,
,
뭉게뭉게 구름 택시,
,
,
,
,
,"17,100"
기타를 작게 치면서,"12,600"
까칠한 알바생과 세종 대왕을 도와라! : 훈민정음과 역사 인물,"16,200"
내 마음이 지옥일 때 부처가 말했다,"15,750"
단단한 아이로 자라는 마음의 언어,
,
,
,
,
,
,
,
,"16,020"
계수나무 과자점,"16,200"
오늘이 내일을 데려올 거야,"18,900"
박물관을 빌려드립니다 : 영국,"18,000"
헤비,
,
,
,
,
,
,
,"15,300"
책벌레의 비밀 응급실,"19,800"
가비지타임 스티커북,"15,210"
김난도의 미래 트렌드 연구실 1,
,
,
,
,
,
,
,
,
,
,
토끼전 대 호랑전,
달꽃 밥상,
추석 그림책 달님 송편,
달토끼의 후계자를 찾습니다,
,
,
,
,
,
,
,
,
,
,
,
,
,
,
,
,
,
,
,
,
,
,
,
,
,
,
,
,
,
,
,
,
,
,
,
,
,
,
,
,
,
,
,
,
,
,
,
,
,
,
,
,
,
,
,
,
,
,
,
,
,
,
,
,
,
,
,
,
,
,
,
,
,
,
,
,
,
,
,
,
,
,
,
,
,
,
,
,
,
,
,
,
,
,
,
,
,
,
,
,
,
,
,
,
,
,
,
,
,
,
,
,
,
,
,
,
